Ibge;Existe serviço de dragagem ou desassoreamento dos cursos d'água naturais perenes - IE041;Data
110002;[N] Não;31/12/2015
110003;;31/12/2015
110005;;31/12/2015
110007;;31/12/2015
110012;;31/12/2015
110018;;31/12/2015
110020;[N] Não;31/12/2015
110034;[S] Sim;31/12/2015
110070;[S] Sim;31/12/2015
110100;[N] Não;31/12/2015
110120;[N] Não;31/12/2015
110140;[N] Não;31/12/2015
110149;;31/12/2015
110160;[N] Não;31/12/2015
110170;;31/12/2015
120010;;31/12/2015
120013;[N] Não;31/12/2015
120030;[N] Não;31/12/2015
120035;;31/12/2015
120039;[N] Não;31/12/2015
120040;[S] Sim;31/12/2015
120042;[N] Não;31/12/2015
130014;[N] Não;31/12/2015
130040;;31/12/2015
130070;;31/12/2015
130110;;31/12/2015
130150;[N] Não;31/12/2015
130165;[N] Não;31/12/2015
130230;;31/12/2015
130240;[N] Não;31/12/2015
130270;;31/12/2015
130300;;31/12/2015
130310;;31/12/2015
130370;;31/12/2015
140010;;31/12/2015
140015;;31/12/2015
140020;[N] Não;31/12/2015
140047;;31/12/2015
150010;;31/12/2015
150034;;31/12/2015
150080;[S] Sim;31/12/2015
150095;[N] Não;31/12/2015
150120;;31/12/2015
150130;[N] Não;31/12/2015
150140;[S] Sim;31/12/2015
150150;;31/12/2015
150157;[S] Sim;31/12/2015
150160;;31/12/2015
150172;;31/12/2015
150175;;31/12/2015
150180;[S] Sim;31/12/2015
150195;;31/12/2015
150210;;31/12/2015
150215;[S] Sim;31/12/2015
150240;;31/12/2015
150250;[S] Sim;31/12/2015
150270;[N] Não;31/12/2015
150275;;31/12/2015
150276;[N] Não;31/12/2015
150293;;31/12/2015
150420;;31/12/2015
150442;;31/12/2015
150445;;31/12/2015
150470;;31/12/2015
150506;;31/12/2015
150550;;31/12/2015
150553;[N] Não;31/12/2015
150618;;31/12/2015
150619;;31/12/2015
150635;[N] Não;31/12/2015
150680;;31/12/2015
150715;;31/12/2015
150730;[S] Sim;31/12/2015
150740;[N] Não;31/12/2015
150760;[N] Não;31/12/2015
150775;;31/12/2015
150796;[N] Não;31/12/2015
150800;;31/12/2015
150803;[N] Não;31/12/2015
150805;[N] Não;31/12/2015
150812;[N] Não;31/12/2015
150835;;31/12/2015
160015;[N] Não;31/12/2015
160055;;31/12/2015
170040;[S] Sim;31/12/2015
170070;;31/12/2015
170100;[S] Sim;31/12/2015
170110;[S] Sim;31/12/2015
170190;[N] Não;31/12/2015
170210;[N] Não;31/12/2015
170240;[N] Não;31/12/2015
170255;;31/12/2015
170300;;31/12/2015
170360;;31/12/2015
170410;[N] Não;31/12/2015
170700;;31/12/2015
170720;;31/12/2015
170740;;31/12/2015
170930;[N] Não;31/12/2015
170950;;31/12/2015
171090;;31/12/2015
171110;;31/12/2015
171180;;31/12/2015
171215;;31/12/2015
171270;[N] Não;31/12/2015
171330;;31/12/2015
171420;;31/12/2015
171500;;31/12/2015
171650;;31/12/2015
171665;;31/12/2015
171750;;31/12/2015
171790;[N] Não;31/12/2015
171845;;31/12/2015
171850;[N] Não;31/12/2015
171884;;31/12/2015
171888;;31/12/2015
171890;[N] Não;31/12/2015
172000;[N] Não;31/12/2015
172015;;31/12/2015
172025;;31/12/2015
172085;;31/12/2015
172097;;31/12/2015
172100;[N] Não;31/12/2015
172130;;31/12/2015
210010;[N] Não;31/12/2015
210020;[N] Não;31/12/2015
210043;;31/12/2015
210120;;31/12/2015
210135;;31/12/2015
210160;[N] Não;31/12/2015
210170;;31/12/2015
210173;[N] Não;31/12/2015
210177;;31/12/2015
210230;;31/12/2015
210232;;31/12/2015
210237;;31/12/2015
210270;[N] Não;31/12/2015
210405;;31/12/2015
210550;;31/12/2015
210570;[N] Não;31/12/2015
210580;;31/12/2015
210592;;31/12/2015
210663;;31/12/2015
210740;;31/12/2015
210780;;31/12/2015
210880;;31/12/2015
210905;;31/12/2015
210923;;31/12/2015
210940;;31/12/2015
210955;;31/12/2015
210970;;31/12/2015
211027;;31/12/2015
211040;;31/12/2015
211065;;31/12/2015
211107;[N] Não;31/12/2015
211130;[N] Não;31/12/2015
211150;;31/12/2015
211153;[N] Não;31/12/2015
211160;;31/12/2015
211178;;31/12/2015
211195;;31/12/2015
211220;;31/12/2015
211223;;31/12/2015
211260;;31/12/2015
211270;;31/12/2015
211280;;31/12/2015
220010;;31/12/2015
220027;;31/12/2015
220045;;31/12/2015
220090;;31/12/2015
220110;;31/12/2015
220120;[N] Não;31/12/2015
220157;;31/12/2015
220160;;31/12/2015
220192;;31/12/2015
220194;;31/12/2015
220198;;31/12/2015
220202;;31/12/2015
220260;;31/12/2015
220265;;31/12/2015
220271;;31/12/2015
220273;;31/12/2015
220285;;31/12/2015
220330;;31/12/2015
220370;;31/12/2015
220400;;31/12/2015
220415;;31/12/2015
220420;;31/12/2015
220460;;31/12/2015
220470;;31/12/2015
220480;;31/12/2015
220500;;31/12/2015
220510;;31/12/2015
220535;;31/12/2015
220585;;31/12/2015
220595;;31/12/2015
220635;;31/12/2015
220650;;31/12/2015
220700;;31/12/2015
220710;;31/12/2015
220760;;31/12/2015
220830;[N] Não;31/12/2015
220955;;31/12/2015
221030;;31/12/2015
221039;;31/12/2015
221040;[S] Sim;31/12/2015
221063;;31/12/2015
221080;;31/12/2015
221090;;31/12/2015
221097;;31/12/2015
221100;;31/12/2015
221160;;31/12/2015
230050;[N] Não;31/12/2015
230090;[N] Não;31/12/2015
230125;;31/12/2015
230130;;31/12/2015
230160;;31/12/2015
230170;;31/12/2015
230205;;31/12/2015
230220;[S] Sim;31/12/2015
230250;;31/12/2015
230300;[N] Não;31/12/2015
230350;[S] Sim;31/12/2015
230380;;31/12/2015
230425;;31/12/2015
230435;;31/12/2015
230440;;31/12/2015
230450;;31/12/2015
230465;;31/12/2015
230470;;31/12/2015
230590;;31/12/2015
230600;;31/12/2015
230610;;31/12/2015
230620;;31/12/2015
230625;;31/12/2015
230640;;31/12/2015
230655;;31/12/2015
230690;;31/12/2015
230720;;31/12/2015
230763;;31/12/2015
230765;[S] Sim;31/12/2015
230770;;31/12/2015
230850;;31/12/2015
230910;;31/12/2015
230930;;31/12/2015
230970;;31/12/2015
230980;[N] Não;31/12/2015
231000;;31/12/2015
231070;;31/12/2015
231085;;31/12/2015
231090;;31/12/2015
231110;;31/12/2015
231120;;31/12/2015
231210;;31/12/2015
231240;;31/12/2015
231260;;31/12/2015
231290;;31/12/2015
231300;;31/12/2015
231325;;31/12/2015
231340;;31/12/2015
231375;;31/12/2015
231390;;31/12/2015
231400;;31/12/2015
231410;;31/12/2015
240040;;31/12/2015
240050;;31/12/2015
240090;;31/12/2015
240100;;31/12/2015
240110;[N] Não;31/12/2015
240140;;31/12/2015
240325;[N] Não;31/12/2015
240400;;31/12/2015
240410;;31/12/2015
240450;;31/12/2015
240480;;31/12/2015
240550;;31/12/2015
240560;;31/12/2015
240590;;31/12/2015
240600;;31/12/2015
240650;;31/12/2015
240670;;31/12/2015
240690;;31/12/2015
240700;;31/12/2015
240710;[N] Não;31/12/2015
240725;;31/12/2015
240730;;31/12/2015
240780;[N] Não;31/12/2015
240800;;31/12/2015
240810;[N] Não;31/12/2015
240820;[N] Não;31/12/2015
240850;;31/12/2015
240860;;31/12/2015
241020;;31/12/2015
241025;[N] Não;31/12/2015
241030;;31/12/2015
241050;;31/12/2015
241080;;31/12/2015
241105;;31/12/2015
241120;;31/12/2015
241142;;31/12/2015
241150;;31/12/2015
241170;;31/12/2015
241190;;31/12/2015
241210;;31/12/2015
241320;[N] Não;31/12/2015
241350;;31/12/2015
241355;;31/12/2015
241380;;31/12/2015
241410;;31/12/2015
241460;;31/12/2015
241470;;31/12/2015
241490;;31/12/2015
250040;;31/12/2015
250053;;31/12/2015
250070;;31/12/2015
250077;;31/12/2015
250100;;31/12/2015
250115;;31/12/2015
250130;[N] Não;31/12/2015
250153;;31/12/2015
250170;;31/12/2015
250190;[N] Não;31/12/2015
250200;;31/12/2015
250210;;31/12/2015
250215;;31/12/2015
250220;;31/12/2015
250230;;31/12/2015
250240;;31/12/2015
250250;;31/12/2015
250310;;31/12/2015
250320;[N] Não;31/12/2015
250340;;31/12/2015
250355;;31/12/2015
250375;;31/12/2015
250390;;31/12/2015
250400;;31/12/2015
250410;;31/12/2015
250420;;31/12/2015
250430;;31/12/2015
250435;;31/12/2015
250440;;31/12/2015
250470;;31/12/2015
250490;;31/12/2015
250520;;31/12/2015
250527;;31/12/2015
250535;;31/12/2015
250570;;31/12/2015
250590;;31/12/2015
250610;;31/12/2015
250630;[N] Não;31/12/2015
250640;;31/12/2015
250650;;31/12/2015
250660;;31/12/2015
250670;;31/12/2015
250720;[N] Não;31/12/2015
250740;;31/12/2015
250750;[S] Sim;31/12/2015
250760;;31/12/2015
250790;;31/12/2015
250800;[N] Não;31/12/2015
250830;;31/12/2015
250840;[N] Não;31/12/2015
250850;;31/12/2015
250870;;31/12/2015
250880;;31/12/2015
250900;;31/12/2015
250905;;31/12/2015
250930;;31/12/2015
250937;;31/12/2015
250939;;31/12/2015
250940;;31/12/2015
250950;;31/12/2015
250970;;31/12/2015
250990;;31/12/2015
251010;;31/12/2015
251020;;31/12/2015
251080;;31/12/2015
251090;;31/12/2015
251100;;31/12/2015
251110;;31/12/2015
251120;;31/12/2015
251140;;31/12/2015
251160;;31/12/2015
251180;[N] Não;31/12/2015
251203;;31/12/2015
251210;;31/12/2015
251260;;31/12/2015
251270;;31/12/2015
251272;[N] Não;31/12/2015
251274;;31/12/2015
251278;;31/12/2015
251280;;31/12/2015
251310;;31/12/2015
251315;;31/12/2015
251320;;31/12/2015
251335;;31/12/2015
251340;;31/12/2015
251350;;31/12/2015
251360;;31/12/2015
251390;;31/12/2015
251396;;31/12/2015
251398;;31/12/2015
251420;;31/12/2015
251445;;31/12/2015
251450;;31/12/2015
251460;;31/12/2015
251465;;31/12/2015
251470;;31/12/2015
251480;;31/12/2015
251490;;31/12/2015
251500;;31/12/2015
251520;;31/12/2015
251530;[N] Não;31/12/2015
251560;;31/12/2015
251570;;31/12/2015
251580;;31/12/2015
251593;;31/12/2015
251630;;31/12/2015
251640;;31/12/2015
251660;;31/12/2015
251670;;31/12/2015
251675;;31/12/2015
251680;;31/12/2015
251690;;31/12/2015
251710;;31/12/2015
251720;;31/12/2015
260030;;31/12/2015
260110;;31/12/2015
260120;;31/12/2015
260170;;31/12/2015
260190;;31/12/2015
260250;;31/12/2015
260260;[N] Não;31/12/2015
260320;;31/12/2015
260420;[S] Sim;31/12/2015
260430;;31/12/2015
260450;;31/12/2015
260460;;31/12/2015
260480;[S] Sim;31/12/2015
260520;;31/12/2015
260530;;31/12/2015
260560;;31/12/2015
260570;;31/12/2015
260600;[N] Não;31/12/2015
260620;[S] Sim;31/12/2015
260650;;31/12/2015
260680;;31/12/2015
260720;[N] Não;31/12/2015
260770;;31/12/2015
260790;[S] Sim;31/12/2015
260795;;31/12/2015
260840;;31/12/2015
260875;[N] Não;31/12/2015
260880;[N] Não;31/12/2015
260910;;31/12/2015
260915;;31/12/2015
260920;;31/12/2015
260970;;31/12/2015
260980;;31/12/2015
261020;;31/12/2015
261070;[N] Não;31/12/2015
261110;;31/12/2015
261140;;31/12/2015
261160;[S] Sim;31/12/2015
261170;;31/12/2015
261200;[N] Não;31/12/2015
261240;;31/12/2015
261245;;31/12/2015
261247;;31/12/2015
261270;;31/12/2015
261330;;31/12/2015
261360;;31/12/2015
261390;[N] Não;31/12/2015
261400;[N] Não;31/12/2015
261460;;31/12/2015
261480;;31/12/2015
261485;;31/12/2015
261500;[N] Não;31/12/2015
261520;[S] Sim;31/12/2015
261530;[N] Não;31/12/2015
261550;;31/12/2015
261570;;31/12/2015
270060;[N] Não;31/12/2015
270070;;31/12/2015
270090;[N] Não;31/12/2015
270140;;31/12/2015
270170;;31/12/2015
270230;;31/12/2015
270250;;31/12/2015
270330;;31/12/2015
270350;[N] Não;31/12/2015
270375;;31/12/2015
270390;;31/12/2015
270430;[N] Não;31/12/2015
270440;;31/12/2015
270490;;31/12/2015
270600;;31/12/2015
270630;;31/12/2015
270644;[N] Não;31/12/2015
270720;;31/12/2015
270830;[N] Não;31/12/2015
280030;[S] Sim;31/12/2015
280067;;31/12/2015
280100;;31/12/2015
280200;;31/12/2015
280230;;31/12/2015
280280;;31/12/2015
280290;;31/12/2015
280390;;31/12/2015
280410;;31/12/2015
280450;;31/12/2015
280460;;31/12/2015
280500;;31/12/2015
280540;;31/12/2015
280610;;31/12/2015
280620;[S] Sim;31/12/2015
280710;;31/12/2015
280760;;31/12/2015
290060;;31/12/2015
290100;;31/12/2015
290120;[N] Não;31/12/2015
290130;[S] Sim;31/12/2015
290180;;31/12/2015
290205;[N] Não;31/12/2015
290260;;31/12/2015
290395;;31/12/2015
290400;[N] Não;31/12/2015
290460;;31/12/2015
290560;;31/12/2015
290570;[N] Não;31/12/2015
290660;;31/12/2015
290680;;31/12/2015
290682;;31/12/2015
290685;;31/12/2015
290700;;31/12/2015
290750;;31/12/2015
290760;;31/12/2015
290840;;31/12/2015
290850;;31/12/2015
290880;[N] Não;31/12/2015
290900;;31/12/2015
290910;;31/12/2015
290940;[N] Não;31/12/2015
290960;;31/12/2015
291005;[S] Sim;31/12/2015
291010;;31/12/2015
291030;;31/12/2015
291072;;31/12/2015
291080;[S] Sim;31/12/2015
291090;;31/12/2015
291120;;31/12/2015
291125;[N] Não;31/12/2015
291130;;31/12/2015
291140;;31/12/2015
291150;[N] Não;31/12/2015
291165;;31/12/2015
291170;;31/12/2015
291185;;31/12/2015
291250;;31/12/2015
291280;[N] Não;31/12/2015
291320;;31/12/2015
291470;;31/12/2015
291480;;31/12/2015
291535;;31/12/2015
291550;;31/12/2015
291580;[S] Sim;31/12/2015
291660;[S] Sim;31/12/2015
291685;;31/12/2015
291690;;31/12/2015
291700;;31/12/2015
291735;;31/12/2015
291740;[N] Não;31/12/2015
291760;;31/12/2015
291780;[N] Não;31/12/2015
291840;;31/12/2015
291870;;31/12/2015
291930;;31/12/2015
291940;;31/12/2015
291960;;31/12/2015
291992;;31/12/2015
291995;;31/12/2015
292030;;31/12/2015
292060;;31/12/2015
292070;;31/12/2015
292090;;31/12/2015
292105;;31/12/2015
292180;;31/12/2015
292205;;31/12/2015
292275;;31/12/2015
292280;;31/12/2015
292390;;31/12/2015
292420;;31/12/2015
292430;;31/12/2015
292450;;31/12/2015
292465;;31/12/2015
292500;;31/12/2015
292530;;31/12/2015
292560;;31/12/2015
292570;;31/12/2015
292590;;31/12/2015
292600;;31/12/2015
292660;;31/12/2015
292690;;31/12/2015
292740;[S] Sim;31/12/2015
292770;;31/12/2015
292805;[S] Sim;31/12/2015
292840;[N] Não;31/12/2015
292850;;31/12/2015
292880;;31/12/2015
292895;;31/12/2015
292935;[N] Não;31/12/2015
292950;;31/12/2015
292970;[N] Não;31/12/2015
293000;;31/12/2015
293030;;31/12/2015
293040;;31/12/2015
293070;[S] Sim;31/12/2015
293077;;31/12/2015
293130;;31/12/2015
293135;[S] Sim;31/12/2015
293210;;31/12/2015
293250;[S] Sim;31/12/2015
293300;;31/12/2015
293310;;31/12/2015
293317;;31/12/2015
293330;[S] Sim;31/12/2015
293345;[N] Não;31/12/2015
310010;[N] Não;31/12/2015
310020;[N] Não;31/12/2015
310030;;31/12/2015
310050;;31/12/2015
310060;[S] Sim;31/12/2015
310070;;31/12/2015
310080;;31/12/2015
310110;[S] Sim;31/12/2015
310120;;31/12/2015
310140;;31/12/2015
310150;;31/12/2015
310170;;31/12/2015
310180;;31/12/2015
310190;[S] Sim;31/12/2015
310220;[S] Sim;31/12/2015
310240;[N] Não;31/12/2015
310280;[N] Não;31/12/2015
310320;;31/12/2015
310330;[N] Não;31/12/2015
310340;;31/12/2015
310360;[S] Sim;31/12/2015
310370;;31/12/2015
310400;;31/12/2015
310410;;31/12/2015
310420;[N] Não;31/12/2015
310440;;31/12/2015
310460;;31/12/2015
310490;;31/12/2015
310500;;31/12/2015
310520;[S] Sim;31/12/2015
310530;;31/12/2015
310540;[S] Sim;31/12/2015
310560;[N] Não;31/12/2015
310590;[S] Sim;31/12/2015
310600;;31/12/2015
310620;[S] Sim;31/12/2015
310630;;31/12/2015
310640;[S] Sim;31/12/2015
310670;[S] Sim;31/12/2015
310690;[N] Não;31/12/2015
310730;;31/12/2015
310740;[S] Sim;31/12/2015
310750;;31/12/2015
310770;;31/12/2015
310790;;31/12/2015
310800;[N] Não;31/12/2015
310810;;31/12/2015
310820;;31/12/2015
310825;;31/12/2015
310840;[S] Sim;31/12/2015
310850;;31/12/2015
310855;;31/12/2015
310870;;31/12/2015
310890;;31/12/2015
310910;[N] Não;31/12/2015
310940;[N] Não;31/12/2015
310945;;31/12/2015
310960;[N] Não;31/12/2015
310970;;31/12/2015
311000;;31/12/2015
311020;[N] Não;31/12/2015
311050;[S] Sim;31/12/2015
311060;;31/12/2015
311090;;31/12/2015
311100;;31/12/2015
311110;;31/12/2015
311120;[N] Não;31/12/2015
311140;[N] Não;31/12/2015
311150;[N] Não;31/12/2015
311170;;31/12/2015
311210;[N] Não;31/12/2015
311230;;31/12/2015
311250;;31/12/2015
311265;;31/12/2015
311300;;31/12/2015
311330;[N] Não;31/12/2015
311360;;31/12/2015
311380;;31/12/2015
311420;[S] Sim;31/12/2015
311460;;31/12/2015
311470;;31/12/2015
311480;;31/12/2015
311510;[N] Não;31/12/2015
311520;[S] Sim;31/12/2015
311530;[S] Sim;31/12/2015
311535;[N] Não;31/12/2015
311540;;31/12/2015
311550;;31/12/2015
311560;[N] Não;31/12/2015
311600;;31/12/2015
311620;;31/12/2015
311630;[N] Não;31/12/2015
311650;;31/12/2015
311660;[S] Sim;31/12/2015
311670;;31/12/2015
311690;;31/12/2015
311700;;31/12/2015
311710;[S] Sim;31/12/2015
311720;[N] Não;31/12/2015
311730;;31/12/2015
311760;;31/12/2015
311770;[N] Não;31/12/2015
311780;[S] Sim;31/12/2015
311783;;31/12/2015
311800;[N] Não;31/12/2015
311810;[S] Sim;31/12/2015
311820;;31/12/2015
311830;;31/12/2015
311850;[N] Não;31/12/2015
311860;[N] Não;31/12/2015
311870;;31/12/2015
311880;;31/12/2015
311900;;31/12/2015
311910;;31/12/2015
311930;;31/12/2015
311940;[S] Sim;31/12/2015
311970;;31/12/2015
311980;[N] Não;31/12/2015
311995;[S] Sim;31/12/2015
312020;;31/12/2015
312050;;31/12/2015
312070;;31/12/2015
312080;;31/12/2015
312090;[N] Não;31/12/2015
312110;[N] Não;31/12/2015
312120;;31/12/2015
312125;;31/12/2015
312130;;31/12/2015
312150;[N] Não;31/12/2015
312190;[N] Não;31/12/2015
312200;[N] Não;31/12/2015
312210;;31/12/2015
312220;;31/12/2015
312230;[N] Não;31/12/2015
312235;;31/12/2015
312240;[N] Não;31/12/2015
312260;[N] Não;31/12/2015
312270;[N] Não;31/12/2015
312280;;31/12/2015
312290;[N] Não;31/12/2015
312300;[N] Não;31/12/2015
312320;[N] Não;31/12/2015
312352;[N] Não;31/12/2015
312360;[N] Não;31/12/2015
312370;[S] Sim;31/12/2015
312380;;31/12/2015
312420;[N] Não;31/12/2015
312470;;31/12/2015
312490;;31/12/2015
312510;;31/12/2015
312540;;31/12/2015
312580;[S] Sim;31/12/2015
312590;[N] Não;31/12/2015
312600;;31/12/2015
312610;[S] Sim;31/12/2015
312630;;31/12/2015
312640;;31/12/2015
312650;;31/12/2015
312675;[N] Não;31/12/2015
312710;;31/12/2015
312735;[S] Sim;31/12/2015
312738;[N] Não;31/12/2015
312740;;31/12/2015
312750;;31/12/2015
312760;;31/12/2015
312770;[N] Não;31/12/2015
312780;;31/12/2015
312800;[S] Sim;31/12/2015
312820;;31/12/2015
312830;;31/12/2015
312840;[N] Não;31/12/2015
312860;[N] Não;31/12/2015
312870;[S] Sim;31/12/2015
312880;[N] Não;31/12/2015
312890;[N] Não;31/12/2015
312910;[N] Não;31/12/2015
312920;;31/12/2015
312930;;31/12/2015
312940;[N] Não;31/12/2015
312960;;31/12/2015
312965;;31/12/2015
312970;[N] Não;31/12/2015
312990;;31/12/2015
313010;[N] Não;31/12/2015
313020;[N] Não;31/12/2015
313030;[N] Não;31/12/2015
313040;[N] Não;31/12/2015
313050;;31/12/2015
313065;;31/12/2015
313110;;31/12/2015
313115;[N] Não;31/12/2015
313150;[N] Não;31/12/2015
313190;[S] Sim;31/12/2015
313200;;31/12/2015
313210;;31/12/2015
313220;[N] Não;31/12/2015
313240;[S] Sim;31/12/2015
313260;[N] Não;31/12/2015
313280;[N] Não;31/12/2015
313290;[N] Não;31/12/2015
313300;[S] Sim;31/12/2015
313310;;31/12/2015
313330;[N] Não;31/12/2015
313350;;31/12/2015
313360;[N] Não;31/12/2015
313370;[N] Não;31/12/2015
313375;[N] Não;31/12/2015
313400;;31/12/2015
313420;[N] Não;31/12/2015
313430;;31/12/2015
313450;[N] Não;31/12/2015
313460;;31/12/2015
313480;[N] Não;31/12/2015
313500;[N] Não;31/12/2015
313505;;31/12/2015
313510;[N] Não;31/12/2015
313520;;31/12/2015
313530;[N] Não;31/12/2015
313535;;31/12/2015
313540;;31/12/2015
313570;[S] Sim;31/12/2015
313580;;31/12/2015
313590;;31/12/2015
313620;;31/12/2015
313650;[N] Não;31/12/2015
313652;[N] Não;31/12/2015
313660;;31/12/2015
313670;[S] Sim;31/12/2015
313680;[N] Não;31/12/2015
313690;;31/12/2015
313700;[N] Não;31/12/2015
313720;[N] Não;31/12/2015
313740;;31/12/2015
313750;;31/12/2015
313753;;31/12/2015
313770;[N] Não;31/12/2015
313780;[S] Sim;31/12/2015
313820;[N] Não;31/12/2015
313840;[S] Sim;31/12/2015
313850;;31/12/2015
313862;[S] Sim;31/12/2015
313870;[N] Não;31/12/2015
313880;[N] Não;31/12/2015
313890;;31/12/2015
313900;[N] Não;31/12/2015
313930;[N] Não;31/12/2015
313960;;31/12/2015
313970;[N] Não;31/12/2015
313980;[S] Sim;31/12/2015
313990;;31/12/2015
314000;[S] Sim;31/12/2015
314015;;31/12/2015
314020;[N] Não;31/12/2015
314030;[S] Sim;31/12/2015
314040;[N] Não;31/12/2015
314055;;31/12/2015
314060;;31/12/2015
314080;[N] Não;31/12/2015
314110;;31/12/2015
314130;;31/12/2015
314170;[N] Não;31/12/2015
314190;[N] Não;31/12/2015
314220;[N] Não;31/12/2015
314230;;31/12/2015
314270;;31/12/2015
314280;[N] Não;31/12/2015
314310;;31/12/2015
314315;[N] Não;31/12/2015
314330;[N] Não;31/12/2015
314350;[N] Não;31/12/2015
314360;;31/12/2015
314380;[N] Não;31/12/2015
314390;[S] Sim;31/12/2015
314400;[N] Não;31/12/2015
314410;;31/12/2015
314435;;31/12/2015
314440;;31/12/2015
314450;;31/12/2015
314460;[S] Sim;31/12/2015
314465;;31/12/2015
314467;;31/12/2015
314480;;31/12/2015
314490;[N] Não;31/12/2015
314500;;31/12/2015
314535;;31/12/2015
314545;[N] Não;31/12/2015
314550;[N] Não;31/12/2015
314560;[S] Sim;31/12/2015
314580;[N] Não;31/12/2015
314590;[N] Não;31/12/2015
314600;[S] Sim;31/12/2015
314610;[S] Sim;31/12/2015
314650;[N] Não;31/12/2015
314655;[N] Não;31/12/2015
314690;[N] Não;31/12/2015
314700;;31/12/2015
314710;[S] Sim;31/12/2015
314730;;31/12/2015
314740;;31/12/2015
314760;[N] Não;31/12/2015
314770;[N] Não;31/12/2015
314790;;31/12/2015
314800;[N] Não;31/12/2015
314810;;31/12/2015
314840;;31/12/2015
314860;[N] Não;31/12/2015
314910;;31/12/2015
314930;;31/12/2015
314960;;31/12/2015
314970;;31/12/2015
314995;;31/12/2015
315010;;31/12/2015
315030;[N] Não;31/12/2015
315040;;31/12/2015
315050;[S] Sim;31/12/2015
315060;;31/12/2015
315070;[N] Não;31/12/2015
315080;[S] Sim;31/12/2015
315090;;31/12/2015
315110;;31/12/2015
315120;;31/12/2015
315130;[N] Não;31/12/2015
315140;[N] Não;31/12/2015
315160;;31/12/2015
315170;;31/12/2015
315200;;31/12/2015
315210;[S] Sim;31/12/2015
315213;;31/12/2015
315220;[N] Não;31/12/2015
315240;[N] Não;31/12/2015
315270;;31/12/2015
315280;;31/12/2015
315290;[N] Não;31/12/2015
315300;;31/12/2015
315310;;31/12/2015
315320;[S] Sim;31/12/2015
315330;;31/12/2015
315360;[N] Não;31/12/2015
315370;;31/12/2015
315400;[N] Não;31/12/2015
315420;;31/12/2015
315430;;31/12/2015
315480;[N] Não;31/12/2015
315490;[N] Não;31/12/2015
315500;[N] Não;31/12/2015
315520;;31/12/2015
315530;[N] Não;31/12/2015
315560;;31/12/2015
315570;;31/12/2015
315580;[S] Sim;31/12/2015
315610;;31/12/2015
315645;;31/12/2015
315650;;31/12/2015
315660;;31/12/2015
315670;[N] Não;31/12/2015
315680;[N] Não;31/12/2015
315690;;31/12/2015
315700;[N] Não;31/12/2015
315720;;31/12/2015
315733;;31/12/2015
315750;[S] Sim;31/12/2015
315760;;31/12/2015
315770;[N] Não;31/12/2015
315800;[N] Não;31/12/2015
315810;;31/12/2015
315890;;31/12/2015
315895;[S] Sim;31/12/2015
315900;;31/12/2015
315930;[N] Não;31/12/2015
315950;;31/12/2015
315960;[N] Não;31/12/2015
315980;[N] Não;31/12/2015
316040;[N] Não;31/12/2015
316050;;31/12/2015
316090;[N] Não;31/12/2015
316100;[S] Sim;31/12/2015
316110;[N] Não;31/12/2015
316120;[N] Não;31/12/2015
316140;;31/12/2015
316150;;31/12/2015
316160;;31/12/2015
316170;;31/12/2015
316180;;31/12/2015
316190;[N] Não;31/12/2015
316200;;31/12/2015
316210;[N] Não;31/12/2015
316220;[S] Sim;31/12/2015
316225;;31/12/2015
316230;;31/12/2015
316260;;31/12/2015
316265;;31/12/2015
316292;;31/12/2015
316294;;31/12/2015
316295;[N] Não;31/12/2015
316320;[N] Não;31/12/2015
316330;[N] Não;31/12/2015
316340;;31/12/2015
316350;[N] Não;31/12/2015
316360;[N] Não;31/12/2015
316370;[N] Não;31/12/2015
316390;[S] Sim;31/12/2015
316410;[S] Sim;31/12/2015
316420;;31/12/2015
316430;[N] Não;31/12/2015
316450;;31/12/2015
316470;;31/12/2015
316490;;31/12/2015
316500;;31/12/2015
316520;;31/12/2015
316530;;31/12/2015
316540;[N] Não;31/12/2015
316553;;31/12/2015
316555;;31/12/2015
316570;;31/12/2015
316600;[N] Não;31/12/2015
316640;;31/12/2015
316660;;31/12/2015
316690;[N] Não;31/12/2015
316710;[S] Sim;31/12/2015
316720;[S] Sim;31/12/2015
316780;;31/12/2015
316800;;31/12/2015
316805;;31/12/2015
316860;;31/12/2015
316870;;31/12/2015
316890;;31/12/2015
316900;;31/12/2015
316905;[N] Não;31/12/2015
316930;[N] Não;31/12/2015
316935;;31/12/2015
316980;;31/12/2015
316990;[S] Sim;31/12/2015
317005;[N] Não;31/12/2015
317020;[N] Não;31/12/2015
317030;;31/12/2015
317040;[N] Não;31/12/2015
317043;;31/12/2015
317047;;31/12/2015
317052;[N] Não;31/12/2015
317057;;31/12/2015
317070;;31/12/2015
317080;[N] Não;31/12/2015
317090;;31/12/2015
317103;[N] Não;31/12/2015
317115;;31/12/2015
317120;[N] Não;31/12/2015
317140;;31/12/2015
317160;;31/12/2015
317180;[S] Sim;31/12/2015
317200;[S] Sim;31/12/2015
317210;[N] Não;31/12/2015
317220;[N] Não;31/12/2015
320010;;31/12/2015
320030;;31/12/2015
320060;[S] Sim;31/12/2015
320070;[N] Não;31/12/2015
320080;[N] Não;31/12/2015
320100;;31/12/2015
320110;;31/12/2015
320130;[S] Sim;31/12/2015
320140;;31/12/2015
320150;;31/12/2015
320160;[S] Sim;31/12/2015
320180;[N] Não;31/12/2015
320190;;31/12/2015
320200;;31/12/2015
320225;[S] Sim;31/12/2015
320230;[N] Não;31/12/2015
320240;;31/12/2015
320250;[S] Sim;31/12/2015
320255;[N] Não;31/12/2015
320260;[N] Não;31/12/2015
320265;;31/12/2015
320270;[N] Não;31/12/2015
320280;[S] Sim;31/12/2015
320313;[N] Não;31/12/2015
320316;[N] Não;31/12/2015
320320;;31/12/2015
320330;[S] Sim;31/12/2015
320335;;31/12/2015
320350;[N] Não;31/12/2015
320360;[S] Sim;31/12/2015
320380;;31/12/2015
320390;[S] Sim;31/12/2015
320425;;31/12/2015
320430;;31/12/2015
320440;;31/12/2015
320450;[N] Não;31/12/2015
320480;[S] Sim;31/12/2015
320490;[S] Sim;31/12/2015
320500;[S] Sim;31/12/2015
320503;;31/12/2015
320510;[N] Não;31/12/2015
320517;[N] Não;31/12/2015
320530;[N] Não;31/12/2015
330020;;31/12/2015
330090;;31/12/2015
330110;;31/12/2015
330120;[S] Sim;31/12/2015
330130;[S] Sim;31/12/2015
330170;;31/12/2015
330180;[S] Sim;31/12/2015
330185;;31/12/2015
330187;[N] Não;31/12/2015
330190;;31/12/2015
330227;[N] Não;31/12/2015
330230;;31/12/2015
330240;[N] Não;31/12/2015
330270;[S] Sim;31/12/2015
330280;[S] Sim;31/12/2015
330290;;31/12/2015
330340;[S] Sim;31/12/2015
330350;[S] Sim;31/12/2015
330385;;31/12/2015
330411;;31/12/2015
330412;[N] Não;31/12/2015
330440;[N] Não;31/12/2015
330452;[S] Sim;31/12/2015
330455;[S] Sim;31/12/2015
330460;[S] Sim;31/12/2015
330470;[S] Sim;31/12/2015
330480;;31/12/2015
330513;;31/12/2015
330520;[S] Sim;31/12/2015
330575;[S] Sim;31/12/2015
330580;;31/12/2015
330610;;31/12/2015
330620;;31/12/2015
350010;[N] Não;31/12/2015
350020;[N] Não;31/12/2015
350030;[N] Não;31/12/2015
350040;[N] Não;31/12/2015
350100;;31/12/2015
350115;[S] Sim;31/12/2015
350140;;31/12/2015
350150;;31/12/2015
350160;[S] Sim;31/12/2015
350170;;31/12/2015
350180;;31/12/2015
350200;[N] Não;31/12/2015
350230;;31/12/2015
350250;[N] Não;31/12/2015
350280;[S] Sim;31/12/2015
350330;;31/12/2015
350335;;31/12/2015
350340;;31/12/2015
350380;[N] Não;31/12/2015
350390;[N] Não;31/12/2015
350395;;31/12/2015
350400;;31/12/2015
350410;[S] Sim;31/12/2015
350420;[N] Não;31/12/2015
350450;[N] Não;31/12/2015
350460;[N] Não;31/12/2015
350470;;31/12/2015
350480;;31/12/2015
350500;;31/12/2015
350510;;31/12/2015
350520;;31/12/2015
350550;[S] Sim;31/12/2015
350560;;31/12/2015
350570;[S] Sim;31/12/2015
350580;;31/12/2015
350600;[S] Sim;31/12/2015
350610;;31/12/2015
350635;[N] Não;31/12/2015
350640;;31/12/2015
350650;;31/12/2015
350690;;31/12/2015
350700;;31/12/2015
350720;;31/12/2015
350730;;31/12/2015
350740;[N] Não;31/12/2015
350750;[S] Sim;31/12/2015
350760;;31/12/2015
350775;;31/12/2015
350780;;31/12/2015
350790;[N] Não;31/12/2015
350800;[N] Não;31/12/2015
350830;[N] Não;31/12/2015
350840;;31/12/2015
350850;[S] Sim;31/12/2015
350860;[N] Não;31/12/2015
350870;;31/12/2015
350900;[N] Não;31/12/2015
350910;;31/12/2015
350920;;31/12/2015
350925;;31/12/2015
350940;[N] Não;31/12/2015
350950;[S] Sim;31/12/2015
350960;[S] Sim;31/12/2015
350970;[N] Não;31/12/2015
350980;;31/12/2015
350990;[S] Sim;31/12/2015
350995;[S] Sim;31/12/2015
351000;;31/12/2015
351010;;31/12/2015
351020;;31/12/2015
351050;[S] Sim;31/12/2015
351080;[N] Não;31/12/2015
351090;;31/12/2015
351100;[N] Não;31/12/2015
351110;[S] Sim;31/12/2015
351120;[N] Não;31/12/2015
351150;;31/12/2015
351160;[N] Não;31/12/2015
351190;;31/12/2015
351200;;31/12/2015
351220;[N] Não;31/12/2015
351230;;31/12/2015
351240;;31/12/2015
351260;;31/12/2015
351270;;31/12/2015
351290;;31/12/2015
351300;[S] Sim;31/12/2015
351310;;31/12/2015
351320;;31/12/2015
351350;[N] Não;31/12/2015
351360;;31/12/2015
351370;[N] Não;31/12/2015
351380;[N] Não;31/12/2015
351400;[N] Não;31/12/2015
351410;;31/12/2015
351440;;31/12/2015
351450;;31/12/2015
351460;;31/12/2015
351490;[S] Sim;31/12/2015
351492;[N] Não;31/12/2015
351495;;31/12/2015
351500;[S] Sim;31/12/2015
351510;[S] Sim;31/12/2015
351515;;31/12/2015
351518;[N] Não;31/12/2015
351519;[N] Não;31/12/2015
351520;;31/12/2015
351535;[N] Não;31/12/2015
351550;[N] Não;31/12/2015
351565;;31/12/2015
351600;;31/12/2015
351610;;31/12/2015
351620;;31/12/2015
351630;;31/12/2015
351640;[S] Sim;31/12/2015
351650;;31/12/2015
351670;;31/12/2015
351685;;31/12/2015
351700;[N] Não;31/12/2015
351720;[S] Sim;31/12/2015
351750;[N] Não;31/12/2015
351760;;31/12/2015
351800;;31/12/2015
351810;;31/12/2015
351820;;31/12/2015
351830;[S] Sim;31/12/2015
351840;[S] Sim;31/12/2015
351850;[N] Não;31/12/2015
351860;[N] Não;31/12/2015
351870;[S] Sim;31/12/2015
351880;;31/12/2015
351885;;31/12/2015
351890;;31/12/2015
351900;;31/12/2015
351907;[S] Sim;31/12/2015
351910;;31/12/2015
351920;;31/12/2015
351925;[N] Não;31/12/2015
351940;[N] Não;31/12/2015
351950;;31/12/2015
351980;;31/12/2015
352020;;31/12/2015
352044;[N] Não;31/12/2015
352050;[S] Sim;31/12/2015
352070;[N] Não;31/12/2015
352080;;31/12/2015
352090;[N] Não;31/12/2015
352100;;31/12/2015
352110;[N] Não;31/12/2015
352130;;31/12/2015
352160;;31/12/2015
352170;[S] Sim;31/12/2015
352180;[N] Não;31/12/2015
352190;[N] Não;31/12/2015
352210;[S] Sim;31/12/2015
352215;;31/12/2015
352220;[S] Sim;31/12/2015
352230;[S] Sim;31/12/2015
352240;[S] Sim;31/12/2015
352250;[S] Sim;31/12/2015
352260;[S] Sim;31/12/2015
352290;;31/12/2015
352310;[S] Sim;31/12/2015
352330;[S] Sim;31/12/2015
352350;[N] Não;31/12/2015
352360;[N] Não;31/12/2015
352390;[S] Sim;31/12/2015
352400;[S] Sim;31/12/2015
352420;[N] Não;31/12/2015
352450;[N] Não;31/12/2015
352460;;31/12/2015
352470;[S] Sim;31/12/2015
352500;;31/12/2015
352510;[N] Não;31/12/2015
352530;;31/12/2015
352540;[N] Não;31/12/2015
352585;;31/12/2015
352600;;31/12/2015
352650;;31/12/2015
352680;;31/12/2015
352690;;31/12/2015
352710;[S] Sim;31/12/2015
352725;;31/12/2015
352730;[S] Sim;31/12/2015
352740;;31/12/2015
352750;[N] Não;31/12/2015
352760;;31/12/2015
352770;[N] Não;31/12/2015
352780;;31/12/2015
352790;;31/12/2015
352800;;31/12/2015
352810;;31/12/2015
352820;;31/12/2015
352860;[N] Não;31/12/2015
352870;;31/12/2015
352900;[N] Não;31/12/2015
352910;;31/12/2015
352920;;31/12/2015
352930;[N] Não;31/12/2015
352950;;31/12/2015
352960;;31/12/2015
352980;;31/12/2015
353000;;31/12/2015
353010;;31/12/2015
353020;;31/12/2015
353060;;31/12/2015
353070;[S] Sim;31/12/2015
353090;;31/12/2015
353120;;31/12/2015
353130;;31/12/2015
353150;[N] Não;31/12/2015
353160;;31/12/2015
353180;;31/12/2015
353190;;31/12/2015
353200;[N] Não;31/12/2015
353205;;31/12/2015
353215;;31/12/2015
353220;;31/12/2015
353250;;31/12/2015
353260;;31/12/2015
353280;;31/12/2015
353282;;31/12/2015
353290;[N] Não;31/12/2015
353300;;31/12/2015
353320;;31/12/2015
353330;;31/12/2015
353340;;31/12/2015
353350;[N] Não;31/12/2015
353370;;31/12/2015
353390;;31/12/2015
353420;;31/12/2015
353430;;31/12/2015
353440;[N] Não;31/12/2015
353460;;31/12/2015
353480;;31/12/2015
353490;;31/12/2015
353500;;31/12/2015
353530;;31/12/2015
353540;;31/12/2015
353560;[S] Sim;31/12/2015
353580;;31/12/2015
353590;;31/12/2015
353600;[N] Não;31/12/2015
353610;[N] Não;31/12/2015
353620;;31/12/2015
353625;;31/12/2015
353630;;31/12/2015
353640;;31/12/2015
353657;[N] Não;31/12/2015
353670;;31/12/2015
353710;;31/12/2015
353715;[N] Não;31/12/2015
353760;[N] Não;31/12/2015
353770;[N] Não;31/12/2015
353780;;31/12/2015
353790;;31/12/2015
353800;;31/12/2015
353850;[S] Sim;31/12/2015
353860;;31/12/2015
353870;;31/12/2015
353880;[S] Sim;31/12/2015
353890;[N] Não;31/12/2015
353920;;31/12/2015
353930;[N] Não;31/12/2015
353950;[N] Não;31/12/2015
353970;[N] Não;31/12/2015
353980;;31/12/2015
354010;[N] Não;31/12/2015
354020;;31/12/2015
354040;;31/12/2015
354050;[N] Não;31/12/2015
354070;[S] Sim;31/12/2015
354090;[N] Não;31/12/2015
354110;;31/12/2015
354140;[N] Não;31/12/2015
354150;[N] Não;31/12/2015
354165;[N] Não;31/12/2015
354190;[S] Sim;31/12/2015
354200;;31/12/2015
354240;;31/12/2015
354250;;31/12/2015
354260;[S] Sim;31/12/2015
354290;;31/12/2015
354310;;31/12/2015
354320;;31/12/2015
354325;[S] Sim;31/12/2015
354330;[S] Sim;31/12/2015
354340;[S] Sim;31/12/2015
354350;[S] Sim;31/12/2015
354360;;31/12/2015
354370;[N] Não;31/12/2015
354380;;31/12/2015
354390;[N] Não;31/12/2015
354400;[N] Não;31/12/2015
354410;[S] Sim;31/12/2015
354420;;31/12/2015
354425;;31/12/2015
354430;;31/12/2015
354450;;31/12/2015
354460;;31/12/2015
354515;[N] Não;31/12/2015
354540;[N] Não;31/12/2015
354560;[S] Sim;31/12/2015
354580;;31/12/2015
354600;;31/12/2015
354610;[N] Não;31/12/2015
354620;[N] Não;31/12/2015
354625;[N] Não;31/12/2015
354630;[N] Não;31/12/2015
354640;[S] Sim;31/12/2015
354650;;31/12/2015
354660;[S] Sim;31/12/2015
354670;[N] Não;31/12/2015
354680;[N] Não;31/12/2015
354710;;31/12/2015
354720;;31/12/2015
354730;[S] Sim;31/12/2015
354740;;31/12/2015
354750;;31/12/2015
354760;;31/12/2015
354770;[N] Não;31/12/2015
354780;[S] Sim;31/12/2015
354790;;31/12/2015
354800;;31/12/2015
354805;;31/12/2015
354820;;31/12/2015
354830;;31/12/2015
354840;;31/12/2015
354850;[S] Sim;31/12/2015
354860;[S] Sim;31/12/2015
354870;[N] Não;31/12/2015
354880;;31/12/2015
354890;;31/12/2015
354910;[S] Sim;31/12/2015
354925;;31/12/2015
354930;;31/12/2015
354940;;31/12/2015
354950;;31/12/2015
354960;[N] Não;31/12/2015
354970;[N] Não;31/12/2015
354980;[N] Não;31/12/2015
354990;;31/12/2015
354995;;31/12/2015
355000;[S] Sim;31/12/2015
355010;[S] Sim;31/12/2015
355020;;31/12/2015
355030;[S] Sim;31/12/2015
355050;[N] Não;31/12/2015
355080;[N] Não;31/12/2015
355090;[N] Não;31/12/2015
355100;;31/12/2015
355140;[S] Sim;31/12/2015
355150;[N] Não;31/12/2015
355170;;31/12/2015
355180;;31/12/2015
355190;;31/12/2015
355210;[S] Sim;31/12/2015
355220;[S] Sim;31/12/2015
355230;;31/12/2015
355250;;31/12/2015
355255;[N] Não;31/12/2015
355260;[N] Não;31/12/2015
355270;[N] Não;31/12/2015
355280;;31/12/2015
355290;[N] Não;31/12/2015
355300;;31/12/2015
355310;;31/12/2015
355320;;31/12/2015
355330;[S] Sim;31/12/2015
355340;;31/12/2015
355350;[S] Sim;31/12/2015
355360;[N] Não;31/12/2015
355370;;31/12/2015
355380;;31/12/2015
355390;[N] Não;31/12/2015
355410;[S] Sim;31/12/2015
355420;[N] Não;31/12/2015
355430;;31/12/2015
355440;;31/12/2015
355450;[N] Não;31/12/2015
355460;;31/12/2015
355470;;31/12/2015
355480;;31/12/2015
355490;;31/12/2015
355495;[N] Não;31/12/2015
355500;[N] Não;31/12/2015
355510;;31/12/2015
355520;;31/12/2015
355530;;31/12/2015
355540;;31/12/2015
355550;[N] Não;31/12/2015
355560;;31/12/2015
355580;;31/12/2015
355590;;31/12/2015
355600;[N] Não;31/12/2015
355630;;31/12/2015
355640;;31/12/2015
355650;[S] Sim;31/12/2015
355660;;31/12/2015
355680;[N] Não;31/12/2015
355690;;31/12/2015
355695;;31/12/2015
355700;[S] Sim;31/12/2015
355710;[N] Não;31/12/2015
355720;[N] Não;31/12/2015
410010;;31/12/2015
410040;;31/12/2015
410050;;31/12/2015
410060;[N] Não;31/12/2015
410070;[N] Não;31/12/2015
410090;;31/12/2015
410105;;31/12/2015
410110;;31/12/2015
410115;;31/12/2015
410120;;31/12/2015
410140;[N] Não;31/12/2015
410150;;31/12/2015
410160;;31/12/2015
410165;;31/12/2015
410185;;31/12/2015
410190;;31/12/2015
410200;;31/12/2015
410220;;31/12/2015
410230;;31/12/2015
410260;;31/12/2015
410280;;31/12/2015
410290;[S] Sim;31/12/2015
410300;;31/12/2015
410302;[N] Não;31/12/2015
410305;[N] Não;31/12/2015
410310;;31/12/2015
410315;;31/12/2015
410322;[N] Não;31/12/2015
410340;;31/12/2015
410347;;31/12/2015
410350;;31/12/2015
410360;;31/12/2015
410370;[S] Sim;31/12/2015
410380;;31/12/2015
410400;[S] Sim;31/12/2015
410405;;31/12/2015
410410;;31/12/2015
410430;;31/12/2015
410440;[N] Não;31/12/2015
410442;;31/12/2015
410450;[N] Não;31/12/2015
410465;;31/12/2015
410480;;31/12/2015
410530;[N] Não;31/12/2015
410540;;31/12/2015
410550;[N] Não;31/12/2015
410560;;31/12/2015
410570;[N] Não;31/12/2015
410610;;31/12/2015
410620;[S] Sim;31/12/2015
410650;[S] Sim;31/12/2015
410655;;31/12/2015
410657;[N] Não;31/12/2015
410690;[S] Sim;31/12/2015
410700;;31/12/2015
410710;[N] Não;31/12/2015
410715;;31/12/2015
410720;[S] Sim;31/12/2015
410725;;31/12/2015
410730;;31/12/2015
410740;[N] Não;31/12/2015
410753;;31/12/2015
410755;;31/12/2015
410760;[N] Não;31/12/2015
410765;[S] Sim;31/12/2015
410770;;31/12/2015
410773;[S] Sim;31/12/2015
410775;;31/12/2015
410785;[N] Não;31/12/2015
410790;;31/12/2015
410800;;31/12/2015
410845;;31/12/2015
410850;;31/12/2015
410855;;31/12/2015
410870;;31/12/2015
410880;[S] Sim;31/12/2015
410895;[N] Não;31/12/2015
410900;;31/12/2015
410910;;31/12/2015
410920;;31/12/2015
410960;[S] Sim;31/12/2015
410970;;31/12/2015
410990;;31/12/2015
411010;[N] Não;31/12/2015
411030;;31/12/2015
411040;;31/12/2015
411050;;31/12/2015
411065;;31/12/2015
411070;[S] Sim;31/12/2015
411080;[N] Não;31/12/2015
411090;;31/12/2015
411095;;31/12/2015
411110;;31/12/2015
411120;;31/12/2015
411125;;31/12/2015
411130;;31/12/2015
411140;[S] Sim;31/12/2015
411150;;31/12/2015
411155;;31/12/2015
411180;[N] Não;31/12/2015
411190;[N] Não;31/12/2015
411200;[S] Sim;31/12/2015
411210;;31/12/2015
411220;;31/12/2015
411240;[N] Não;31/12/2015
411270;[N] Não;31/12/2015
411280;[N] Não;31/12/2015
411290;[N] Não;31/12/2015
411295;;31/12/2015
411310;;31/12/2015
411320;;31/12/2015
411330;[N] Não;31/12/2015
411340;;31/12/2015
411342;[N] Não;31/12/2015
411350;[N] Não;31/12/2015
411370;[N] Não;31/12/2015
411373;;31/12/2015
411380;;31/12/2015
411400;;31/12/2015
411410;;31/12/2015
411420;;31/12/2015
411440;[N] Não;31/12/2015
411450;[N] Não;31/12/2015
411460;[S] Sim;31/12/2015
411470;;31/12/2015
411480;;31/12/2015
411520;[N] Não;31/12/2015
411530;;31/12/2015
411535;[N] Não;31/12/2015
411545;;31/12/2015
411560;[N] Não;31/12/2015
411570;;31/12/2015
411573;;31/12/2015
411580;[N] Não;31/12/2015
411585;[N] Não;31/12/2015
411590;;31/12/2015
411600;;31/12/2015
411605;;31/12/2015
411620;;31/12/2015
411630;;31/12/2015
411650;;31/12/2015
411660;;31/12/2015
411670;;31/12/2015
411690;;31/12/2015
411695;;31/12/2015
411705;;31/12/2015
411710;;31/12/2015
411720;;31/12/2015
411722;[N] Não;31/12/2015
411725;[N] Não;31/12/2015
411729;;31/12/2015
411730;[N] Não;31/12/2015
411740;;31/12/2015
411750;;31/12/2015
411790;;31/12/2015
411810;;31/12/2015
411840;[N] Não;31/12/2015
411845;;31/12/2015
411860;[N] Não;31/12/2015
411870;[N] Não;31/12/2015
411890;;31/12/2015
411910;[N] Não;31/12/2015
411915;;31/12/2015
411920;[N] Não;31/12/2015
411925;[N] Não;31/12/2015
411930;[S] Sim;31/12/2015
411950;[N] Não;31/12/2015
411965;;31/12/2015
411980;;31/12/2015
411995;;31/12/2015
412000;;31/12/2015
412010;[N] Não;31/12/2015
412020;[N] Não;31/12/2015
412033;;31/12/2015
412050;;31/12/2015
412065;;31/12/2015
412080;;31/12/2015
412085;;31/12/2015
412090;;31/12/2015
412110;;31/12/2015
412120;[N] Não;31/12/2015
412135;;31/12/2015
412160;[S] Sim;31/12/2015
412170;;31/12/2015
412180;[N] Não;31/12/2015
412190;;31/12/2015
412200;;31/12/2015
412210;;31/12/2015
412215;[N] Não;31/12/2015
412230;;31/12/2015
412240;[N] Não;31/12/2015
412250;;31/12/2015
412260;;31/12/2015
412280;;31/12/2015
412300;;31/12/2015
412310;[N] Não;31/12/2015
412330;[S] Sim;31/12/2015
412370;;31/12/2015
412380;;31/12/2015
412390;;31/12/2015
412405;[N] Não;31/12/2015
412410;;31/12/2015
412430;;31/12/2015
412460;;31/12/2015
412470;[N] Não;31/12/2015
412500;;31/12/2015
412510;;31/12/2015
412520;[N] Não;31/12/2015
412530;[S] Sim;31/12/2015
412540;[N] Não;31/12/2015
412545;;31/12/2015
412550;[S] Sim;31/12/2015
412555;;31/12/2015
412570;[S] Sim;31/12/2015
412575;;31/12/2015
412580;[N] Não;31/12/2015
412590;[N] Não;31/12/2015
412600;;31/12/2015
412620;;31/12/2015
412630;[N] Não;31/12/2015
412635;[N] Não;31/12/2015
412640;;31/12/2015
412665;;31/12/2015
412667;[N] Não;31/12/2015
412680;;31/12/2015
412690;[S] Sim;31/12/2015
412710;;31/12/2015
412720;;31/12/2015
412750;[N] Não;31/12/2015
412760;[N] Não;31/12/2015
412770;[N] Não;31/12/2015
412785;[N] Não;31/12/2015
412790;;31/12/2015
412795;;31/12/2015
412800;;31/12/2015
412810;[N] Não;31/12/2015
412820;[S] Sim;31/12/2015
412850;[N] Não;31/12/2015
412855;;31/12/2015
412862;;31/12/2015
420010;[N] Não;31/12/2015
420020;;31/12/2015
420030;;31/12/2015
420040;[N] Não;31/12/2015
420055;[N] Não;31/12/2015
420060;[N] Não;31/12/2015
420070;[S] Sim;31/12/2015
420080;;31/12/2015
420110;[N] Não;31/12/2015
420120;;31/12/2015
420125;;31/12/2015
420127;[N] Não;31/12/2015
420130;[N] Não;31/12/2015
420140;[N] Não;31/12/2015
420165;[N] Não;31/12/2015
420170;;31/12/2015
420180;;31/12/2015
420190;;31/12/2015
420195;;31/12/2015
420208;[N] Não;31/12/2015
420209;;31/12/2015
420213;;31/12/2015
420215;[N] Não;31/12/2015
420220;[N] Não;31/12/2015
420230;;31/12/2015
420240;[S] Sim;31/12/2015
420245;[N] Não;31/12/2015
420250;;31/12/2015
420253;[N] Não;31/12/2015
420257;[N] Não;31/12/2015
420260;[S] Sim;31/12/2015
420270;;31/12/2015
420285;;31/12/2015
420287;[N] Não;31/12/2015
420290;;31/12/2015
420315;;31/12/2015
420320;;31/12/2015
420330;;31/12/2015
420340;;31/12/2015
420360;;31/12/2015
420370;[S] Sim;31/12/2015
420380;[N] Não;31/12/2015
420390;[N] Não;31/12/2015
420395;;31/12/2015
420415;;31/12/2015
420425;[S] Sim;31/12/2015
420430;;31/12/2015
420435;;31/12/2015
420440;;31/12/2015
420445;;31/12/2015
420450;[S] Sim;31/12/2015
420470;;31/12/2015
420475;;31/12/2015
420480;[N] Não;31/12/2015
420490;[N] Não;31/12/2015
420500;[S] Sim;31/12/2015
420510;[N] Não;31/12/2015
420515;;31/12/2015
420519;[N] Não;31/12/2015
420520;;31/12/2015
420535;[N] Não;31/12/2015
420540;[S] Sim;31/12/2015
420543;;31/12/2015
420545;[N] Não;31/12/2015
420550;[S] Sim;31/12/2015
420555;;31/12/2015
420570;;31/12/2015
420620;;31/12/2015
420630;[S] Sim;31/12/2015
420640;;31/12/2015
420670;;31/12/2015
420680;[N] Não;31/12/2015
420690;[S] Sim;31/12/2015
420700;[S] Sim;31/12/2015
420710;[S] Sim;31/12/2015
420740;[N] Não;31/12/2015
420757;;31/12/2015
420765;;31/12/2015
420768;;31/12/2015
420770;;31/12/2015
420780;;31/12/2015
420790;[N] Não;31/12/2015
420800;[N] Não;31/12/2015
420820;;31/12/2015
420840;[N] Não;31/12/2015
420845;;31/12/2015
420850;[S] Sim;31/12/2015
420860;;31/12/2015
420870;;31/12/2015
420890;[S] Sim;31/12/2015
420895;[N] Não;31/12/2015
420910;;31/12/2015
420915;[N] Não;31/12/2015
420917;;31/12/2015
420930;[S] Sim;31/12/2015
420960;[S] Sim;31/12/2015
420970;;31/12/2015
420980;;31/12/2015
421003;[N] Não;31/12/2015
421010;[S] Sim;31/12/2015
421040;;31/12/2015
421055;;31/12/2015
421060;;31/12/2015
421070;;31/12/2015
421080;;31/12/2015
421085;[N] Não;31/12/2015
421090;[N] Não;31/12/2015
421100;[S] Sim;31/12/2015
421105;[N] Não;31/12/2015
421110;[S] Sim;31/12/2015
421120;[S] Sim;31/12/2015
421125;;31/12/2015
421130;[S] Sim;31/12/2015
421140;;31/12/2015
421145;[N] Não;31/12/2015
421150;;31/12/2015
421160;;31/12/2015
421165;[N] Não;31/12/2015
421170;;31/12/2015
421175;;31/12/2015
421180;;31/12/2015
421187;;31/12/2015
421189;;31/12/2015
421200;;31/12/2015
421220;[S] Sim;31/12/2015
421227;;31/12/2015
421230;[N] Não;31/12/2015
421280;[S] Sim;31/12/2015
421290;;31/12/2015
421310;[N] Não;31/12/2015
421330;;31/12/2015
421335;;31/12/2015
421350;[N] Não;31/12/2015
421360;[N] Não;31/12/2015
421370;[N] Não;31/12/2015
421380;;31/12/2015
421390;[N] Não;31/12/2015
421400;;31/12/2015
421410;[N] Não;31/12/2015
421420;[N] Não;31/12/2015
421440;;31/12/2015
421450;;31/12/2015
421460;[N] Não;31/12/2015
421470;;31/12/2015
421480;;31/12/2015
421490;;31/12/2015
421500;;31/12/2015
421505;;31/12/2015
421507;;31/12/2015
421510;;31/12/2015
421520;[N] Não;31/12/2015
421530;;31/12/2015
421550;[N] Não;31/12/2015
421555;[N] Não;31/12/2015
421560;[N] Não;31/12/2015
421565;;31/12/2015
421567;[N] Não;31/12/2015
421569;[N] Não;31/12/2015
421575;[N] Não;31/12/2015
421580;[S] Sim;31/12/2015
421590;[N] Não;31/12/2015
421610;;31/12/2015
421620;;31/12/2015
421625;[N] Não;31/12/2015
421635;[S] Sim;31/12/2015
421640;;31/12/2015
421650;[N] Não;31/12/2015
421670;[S] Sim;31/12/2015
421690;[N] Não;31/12/2015
421700;;31/12/2015
421710;;31/12/2015
421720;[S] Sim;31/12/2015
421725;[N] Não;31/12/2015
421730;;31/12/2015
421740;;31/12/2015
421750;[N] Não;31/12/2015
421755;[N] Não;31/12/2015
421760;;31/12/2015
421770;;31/12/2015
421775;[N] Não;31/12/2015
421780;[N] Não;31/12/2015
421790;[N] Não;31/12/2015
421795;;31/12/2015
421800;[S] Sim;31/12/2015
421810;;31/12/2015
421820;[S] Sim;31/12/2015
421825;;31/12/2015
421835;[N] Não;31/12/2015
421840;;31/12/2015
421850;[N] Não;31/12/2015
421875;;31/12/2015
421880;[N] Não;31/12/2015
421885;;31/12/2015
421890;;31/12/2015
421900;;31/12/2015
421910;[N] Não;31/12/2015
421917;;31/12/2015
421920;[N] Não;31/12/2015
421930;[N] Não;31/12/2015
430003;[N] Não;31/12/2015
430005;;31/12/2015
430010;;31/12/2015
430020;[N] Não;31/12/2015
430030;;31/12/2015
430040;[N] Não;31/12/2015
430047;[N] Não;31/12/2015
430050;;31/12/2015
430055;;31/12/2015
430057;[N] Não;31/12/2015
430070;;31/12/2015
430087;;31/12/2015
430100;[N] Não;31/12/2015
430107;[N] Não;31/12/2015
430140;;31/12/2015
430155;;31/12/2015
430163;;31/12/2015
430165;;31/12/2015
430170;;31/12/2015
430175;[N] Não;31/12/2015
430180;;31/12/2015
430187;;31/12/2015
430195;[N] Não;31/12/2015
430200;;31/12/2015
430210;;31/12/2015
430215;;31/12/2015
430220;[N] Não;31/12/2015
430223;;31/12/2015
430225;;31/12/2015
430230;[S] Sim;31/12/2015
430235;[S] Sim;31/12/2015
430245;[N] Não;31/12/2015
430258;;31/12/2015
430265;[S] Sim;31/12/2015
430270;;31/12/2015
430280;;31/12/2015
430290;;31/12/2015
430300;[N] Não;31/12/2015
430320;[N] Não;31/12/2015
430330;;31/12/2015
430340;;31/12/2015
430350;;31/12/2015
430355;;31/12/2015
430360;[N] Não;31/12/2015
430367;;31/12/2015
430370;[N] Não;31/12/2015
430380;;31/12/2015
430390;[S] Sim;31/12/2015
430400;[N] Não;31/12/2015
430420;[S] Sim;31/12/2015
430430;[N] Não;31/12/2015
430450;;31/12/2015
430460;;31/12/2015
430461;[N] Não;31/12/2015
430466;;31/12/2015
430467;;31/12/2015
430468;[N] Não;31/12/2015
430469;;31/12/2015
430470;;31/12/2015
430471;[S] Sim;31/12/2015
430480;[S] Sim;31/12/2015
430495;[N] Não;31/12/2015
430500;[N] Não;31/12/2015
430510;[S] Sim;31/12/2015
430511;[N] Não;31/12/2015
430513;;31/12/2015
430520;;31/12/2015
430530;;31/12/2015
430535;[S] Sim;31/12/2015
430537;[N] Não;31/12/2015
430544;[N] Não;31/12/2015
430550;;31/12/2015
430558;;31/12/2015
430560;[N] Não;31/12/2015
430580;;31/12/2015
430583;;31/12/2015
430585;;31/12/2015
430587;[N] Não;31/12/2015
430593;;31/12/2015
430595;;31/12/2015
430600;;31/12/2015
430605;;31/12/2015
430613;[N] Não;31/12/2015
430620;;31/12/2015
430632;;31/12/2015
430637;;31/12/2015
430640;[N] Não;31/12/2015
430645;;31/12/2015
430650;[N] Não;31/12/2015
430670;;31/12/2015
430673;[N] Não;31/12/2015
430675;;31/12/2015
430676;[N] Não;31/12/2015
430680;[N] Não;31/12/2015
430692;;31/12/2015
430695;[S] Sim;31/12/2015
430700;[S] Sim;31/12/2015
430710;[N] Não;31/12/2015
430720;[N] Não;31/12/2015
430730;[N] Não;31/12/2015
430745;;31/12/2015
430755;[N] Não;31/12/2015
430760;[N] Não;31/12/2015
430770;[S] Sim;31/12/2015
430780;;31/12/2015
430781;[N] Não;31/12/2015
430786;[N] Não;31/12/2015
430790;[N] Não;31/12/2015
430800;;31/12/2015
430810;;31/12/2015
430820;[S] Sim;31/12/2015
430825;;31/12/2015
430845;;31/12/2015
430860;;31/12/2015
430865;;31/12/2015
430885;;31/12/2015
430890;[N] Não;31/12/2015
430900;[N] Não;31/12/2015
430905;[N] Não;31/12/2015
430920;[S] Sim;31/12/2015
430930;;31/12/2015
430940;[S] Sim;31/12/2015
430950;;31/12/2015
430955;[S] Sim;31/12/2015
430970;;31/12/2015
430980;[N] Não;31/12/2015
430990;[N] Não;31/12/2015
430995;[N] Não;31/12/2015
431000;[N] Não;31/12/2015
431010;[N] Não;31/12/2015
431020;;31/12/2015
431030;[N] Não;31/12/2015
431036;;31/12/2015
431040;;31/12/2015
431041;;31/12/2015
431043;[N] Não;31/12/2015
431046;[N] Não;31/12/2015
431050;;31/12/2015
431053;[N] Não;31/12/2015
431055;[N] Não;31/12/2015
431057;;31/12/2015
431065;;31/12/2015
431070;;31/12/2015
431075;[N] Não;31/12/2015
431080;[S] Sim;31/12/2015
431085;[S] Sim;31/12/2015
431087;[N] Não;31/12/2015
431100;[N] Não;31/12/2015
431110;[N] Não;31/12/2015
431115;[N] Não;31/12/2015
431120;;31/12/2015
431123;;31/12/2015
431125;;31/12/2015
431127;;31/12/2015
431130;[N] Não;31/12/2015
431140;[S] Sim;31/12/2015
431150;;31/12/2015
431160;[S] Sim;31/12/2015
431162;;31/12/2015
431164;[N] Não;31/12/2015
431171;;31/12/2015
431173;;31/12/2015
431175;;31/12/2015
431177;[S] Sim;31/12/2015
431179;[N] Não;31/12/2015
431190;[N] Não;31/12/2015
431200;[N] Não;31/12/2015
431205;;31/12/2015
431213;;31/12/2015
431215;;31/12/2015
431217;;31/12/2015
431220;[N] Não;31/12/2015
431225;[S] Sim;31/12/2015
431235;;31/12/2015
431237;;31/12/2015
431238;[N] Não;31/12/2015
431240;[S] Sim;31/12/2015
431242;;31/12/2015
431247;;31/12/2015
431250;;31/12/2015
431260;[N] Não;31/12/2015
431261;[N] Não;31/12/2015
431262;;31/12/2015
431265;;31/12/2015
431267;;31/12/2015
431270;[N] Não;31/12/2015
431275;;31/12/2015
431290;[S] Sim;31/12/2015
431300;[N] Não;31/12/2015
431301;[N] Não;31/12/2015
431303;[S] Sim;31/12/2015
431306;;31/12/2015
431310;;31/12/2015
431320;[N] Não;31/12/2015
431330;[N] Não;31/12/2015
431333;[N] Não;31/12/2015
431335;;31/12/2015
431339;;31/12/2015
431340;[S] Sim;31/12/2015
431342;;31/12/2015
431344;;31/12/2015
431349;;31/12/2015
431360;;31/12/2015
431365;[N] Não;31/12/2015
431370;[N] Não;31/12/2015
431380;;31/12/2015
431390;;31/12/2015
431395;[S] Sim;31/12/2015
431400;[N] Não;31/12/2015
431402;[S] Sim;31/12/2015
431403;;31/12/2015
431405;[N] Não;31/12/2015
431407;[N] Não;31/12/2015
431410;[N] Não;31/12/2015
431415;;31/12/2015
431417;;31/12/2015
431430;;31/12/2015
431445;;31/12/2015
431449;;31/12/2015
431454;;31/12/2015
431455;[N] Não;31/12/2015
431460;[N] Não;31/12/2015
431475;[N] Não;31/12/2015
431478;;31/12/2015
431480;;31/12/2015
431490;[S] Sim;31/12/2015
431500;;31/12/2015
431505;[N] Não;31/12/2015
431507;[N] Não;31/12/2015
431510;;31/12/2015
431513;[N] Não;31/12/2015
431514;;31/12/2015
431515;[N] Não;31/12/2015
431517;;31/12/2015
431520;;31/12/2015
431531;[N] Não;31/12/2015
431532;[N] Não;31/12/2015
431535;[N] Não;31/12/2015
431540;;31/12/2015
431545;;31/12/2015
431550;[S] Sim;31/12/2015
431555;;31/12/2015
431560;[S] Sim;31/12/2015
431570;;31/12/2015
431575;[N] Não;31/12/2015
431580;;31/12/2015
431600;[S] Sim;31/12/2015
431610;;31/12/2015
431620;[N] Não;31/12/2015
431640;;31/12/2015
431643;;31/12/2015
431645;[N] Não;31/12/2015
431650;[N] Não;31/12/2015
431660;[N] Não;31/12/2015
431670;[N] Não;31/12/2015
431680;;31/12/2015
431690;;31/12/2015
431697;;31/12/2015
431700;;31/12/2015
431710;[S] Sim;31/12/2015
431720;;31/12/2015
431725;;31/12/2015
431730;;31/12/2015
431750;;31/12/2015
431755;;31/12/2015
431760;[S] Sim;31/12/2015
431780;[N] Não;31/12/2015
431790;;31/12/2015
431795;;31/12/2015
431800;[S] Sim;31/12/2015
431805;[S] Sim;31/12/2015
431810;[N] Não;31/12/2015
431840;;31/12/2015
431842;;31/12/2015
431843;[N] Não;31/12/2015
431844;[S] Sim;31/12/2015
431845;;31/12/2015
431846;[N] Não;31/12/2015
431849;[N] Não;31/12/2015
431850;;31/12/2015
431860;;31/12/2015
431861;[N] Não;31/12/2015
431862;;31/12/2015
431890;[N] Não;31/12/2015
431900;[N] Não;31/12/2015
431912;;31/12/2015
431920;;31/12/2015
431930;;31/12/2015
431935;[N] Não;31/12/2015
431936;[N] Não;31/12/2015
431937;;31/12/2015
431940;[N] Não;31/12/2015
431960;;31/12/2015
431970;;31/12/2015
431971;;31/12/2015
431973;[N] Não;31/12/2015
431975;;31/12/2015
431980;;31/12/2015
431990;[S] Sim;31/12/2015
432000;[S] Sim;31/12/2015
432020;[N] Não;31/12/2015
432023;;31/12/2015
432030;[S] Sim;31/12/2015
432032;[N] Não;31/12/2015
432035;[N] Não;31/12/2015
432040;[S] Sim;31/12/2015
432045;[N] Não;31/12/2015
432050;;31/12/2015
432055;[N] Não;31/12/2015
432057;;31/12/2015
432065;;31/12/2015
432067;;31/12/2015
432080;;31/12/2015
432085;[N] Não;31/12/2015
432100;[N] Não;31/12/2015
432110;;31/12/2015
432120;;31/12/2015
432130;[S] Sim;31/12/2015
432132;;31/12/2015
432135;;31/12/2015
432140;;31/12/2015
432143;;31/12/2015
432145;[S] Sim;31/12/2015
432146;;31/12/2015
432147;;31/12/2015
432149;;31/12/2015
432150;;31/12/2015
432160;;31/12/2015
432162;[N] Não;31/12/2015
432163;;31/12/2015
432166;;31/12/2015
432170;;31/12/2015
432180;[N] Não;31/12/2015
432183;;31/12/2015
432185;;31/12/2015
432195;[N] Não;31/12/2015
432210;;31/12/2015
432220;;31/12/2015
432225;;31/12/2015
432230;[N] Não;31/12/2015
432237;;31/12/2015
432250;;31/12/2015
432253;[S] Sim;31/12/2015
432260;[S] Sim;31/12/2015
432270;[N] Não;31/12/2015
432280;[N] Não;31/12/2015
432285;;31/12/2015
432310;;31/12/2015
432320;[N] Não;31/12/2015
432330;;31/12/2015
432335;[N] Não;31/12/2015
432340;[N] Não;31/12/2015
432350;[N] Não;31/12/2015
432360;;31/12/2015
432370;;31/12/2015
432377;[N] Não;31/12/2015
500025;;31/12/2015
500090;;31/12/2015
500100;[N] Não;31/12/2015
500124;;31/12/2015
500190;;31/12/2015
500200;;31/12/2015
500220;[N] Não;31/12/2015
500230;;31/12/2015
500240;;31/12/2015
500270;[N] Não;31/12/2015
500280;[N] Não;31/12/2015
500295;;31/12/2015
500310;;31/12/2015
500320;[N] Não;31/12/2015
500325;[N] Não;31/12/2015
500345;;31/12/2015
500350;;31/12/2015
500370;;31/12/2015
500375;;31/12/2015
500380;;31/12/2015
500390;[N] Não;31/12/2015
500410;;31/12/2015
500430;;31/12/2015
500440;[N] Não;31/12/2015
500460;[N] Não;31/12/2015
500470;[N] Não;31/12/2015
500490;[N] Não;31/12/2015
500500;;31/12/2015
500510;;31/12/2015
500520;[N] Não;31/12/2015
500540;[S] Sim;31/12/2015
500570;[N] Não;31/12/2015
500620;;31/12/2015
500625;;31/12/2015
500627;;31/12/2015
500630;[N] Não;31/12/2015
500690;;31/12/2015
500740;;31/12/2015
500755;;31/12/2015
500769;[N] Não;31/12/2015
500770;[N] Não;31/12/2015
500793;;31/12/2015
500797;;31/12/2015
500800;;31/12/2015
500830;[N] Não;31/12/2015
500840;;31/12/2015
510020;;31/12/2015
510030;;31/12/2015
510035;;31/12/2015
510180;;31/12/2015
510250;;31/12/2015
510263;;31/12/2015
510267;[N] Não;31/12/2015
510268;;31/12/2015
510285;[N] Não;31/12/2015
510305;;31/12/2015
510320;[N] Não;31/12/2015
510330;;31/12/2015
510335;;31/12/2015
510336;;31/12/2015
510337;[N] Não;31/12/2015
510340;;31/12/2015
510350;[N] Não;31/12/2015
510370;[N] Não;31/12/2015
510380;;31/12/2015
510450;;31/12/2015
510452;;31/12/2015
510454;[N] Não;31/12/2015
510480;;31/12/2015
510525;;31/12/2015
510550;;31/12/2015
510558;[N] Não;31/12/2015
510560;[N] Não;31/12/2015
510562;[N] Não;31/12/2015
510600;[N] Não;31/12/2015
510615;[N] Não;31/12/2015
510618;;31/12/2015
510619;;31/12/2015
510620;;31/12/2015
510624;[N] Não;31/12/2015
510625;[N] Não;31/12/2015
510626;[N] Não;31/12/2015
510627;[N] Não;31/12/2015
510629;;31/12/2015
510642;[S] Sim;31/12/2015
510675;[N] Não;31/12/2015
510680;[N] Não;31/12/2015
510706;;31/12/2015
510710;;31/12/2015
510715;;31/12/2015
510720;;31/12/2015
510724;;31/12/2015
510757;[N] Não;31/12/2015
510774;;31/12/2015
510775;;31/12/2015
510787;[N] Não;31/12/2015
510790;;31/12/2015
510794;;31/12/2015
510795;;31/12/2015
510800;;31/12/2015
510805;[N] Não;31/12/2015
510890;;31/12/2015
510895;[N] Não;31/12/2015
520005;;31/12/2015
520020;[N] Não;31/12/2015
520025;[N] Não;31/12/2015
520060;;31/12/2015
520080;;31/12/2015
520085;;31/12/2015
520110;[S] Sim;31/12/2015
520120;;31/12/2015
520150;;31/12/2015
520215;;31/12/2015
520250;[S] Sim;31/12/2015
520320;;31/12/2015
520340;[N] Não;31/12/2015
520393;;31/12/2015
520396;;31/12/2015
520400;;31/12/2015
520430;[N] Não;31/12/2015
520455;;31/12/2015
520465;;31/12/2015
520485;;31/12/2015
520540;[S] Sim;31/12/2015
520547;;31/12/2015
520590;[N] Não;31/12/2015
520735;;31/12/2015
520740;;31/12/2015
520750;;31/12/2015
520800;;31/12/2015
520850;;31/12/2015
520940;[N] Não;31/12/2015
520945;;31/12/2015
520970;[N] Não;31/12/2015
520980;;31/12/2015
520990;[N] Não;31/12/2015
521040;;31/12/2015
521060;;31/12/2015
521100;;31/12/2015
521130;;31/12/2015
521160;;31/12/2015
521210;;31/12/2015
521225;;31/12/2015
521280;;31/12/2015
521310;[N] Não;31/12/2015
521385;;31/12/2015
521390;[N] Não;31/12/2015
521400;;31/12/2015
521410;;31/12/2015
521470;;31/12/2015
521480;[N] Não;31/12/2015
521483;;31/12/2015
521487;;31/12/2015
521520;;31/12/2015
521523;;31/12/2015
521540;;31/12/2015
521550;;31/12/2015
521570;[N] Não;31/12/2015
521600;;31/12/2015
521640;;31/12/2015
521740;[N] Não;31/12/2015
521770;;31/12/2015
521800;;31/12/2015
521805;;31/12/2015
521839;;31/12/2015
521910;[N] Não;31/12/2015
521930;;31/12/2015
521940;;31/12/2015
521950;;31/12/2015
521975;;31/12/2015
521980;;31/12/2015
521990;;31/12/2015
522010;;31/12/2015
522015;[N] Não;31/12/2015
522020;[N] Não;31/12/2015
522026;;31/12/2015
522028;;31/12/2015
522060;[N] Não;31/12/2015
522068;;31/12/2015
522119;;31/12/2015
522140;;31/12/2015
522155;;31/12/2015
522157;;31/12/2015
522200;[N] Não;31/12/2015
522220;;31/12/2015
530010;[N] Não;31/12/2015
